	size
1ims	12341
1buf	13465
1bz2	16600
4cxn	18791
3f2u	19128
2muz	19384
1w5h	19918
447d	20581
111d	20638
1cfw	22167
1a9h	22895
5nv1	23865
6uf9	24218
1d43	24722
5ip8	25129
1ehd	25154
1uln	26257
2i6v	29081
5jqz	29921
6i29	31845
5zkt	32147
4g4v	32654
6azg	33381
1r9h	33442
7msj	33643
1w2l	33731
5co6	33806
1r75	34459
1q6v	34574
5en9	34705
1sdr	34911
1yzd	35412
4d07	35770
3wpl	36039
1jqm	36520
2op2	36659
6a7k	37530
1yiv	37568
2z19	38090
3ksp	39135
1ble	39325
5pco	39512
5pd3	39590
4mba	39603
3ggl	40287
4qer	40399
6mqi	40876
1nig	41080
3zre	41155
2dbs	41461
1q5z	41560
2rbm	42240
4zee	42248
5ow2	42308
6wsm	42382
2rcq	42552
3f27	42637
4rs8	42657
1trs	43071
460d	43121
1qhn	43314
1cto	43384
1hcd	44080
7ogw	44699
259l	44781
111l	44975
4r2d	45237
4yh3	45368
7eog	46201
5a79	47068
3fy9	47170
6p9z	47261
6jbp	47381
3ect	47409
5qxz	47576
1hbv	47624
4em2	48337
6gmv	48381
5j1r	48658
1job	48811
1zuz	49176
2cve	49238
2e4f	50007
1pqm	50460
6e6w	50462
1htf	50776
1tfk	51014
3el4	51251
4als	51260
4f5w	51263
1fxl	51332
1mrs	51405
2i04	51455
3k9w	51526
3ekq	51794
4i39	52063
8dni	52532
3na4	53336
1mjl	53558
4z3b	53770
2q63	54010
3fsm	54096
1c81	54431
3h1r	54663
3cbz	55198
2xkx	55282
2qhu	55345
1dpd	55903
6uei	55956
7reb	56080
2g4e	56436
2a29	56673
2eum	57416
6d09	57713
1akz	57897
1bvt	58052
6fct	59040
3cpf	59754
6k6j	60409
7diq	60417
6j6p	60753
2xv3	60907
1h8u	61225
3stn	61255
2hq3	61354
2ftr	61421
1x0k	61822
1eeq	62069
3fev	62319
1qo4	62394
6swf	62403
2jhd	62537
1xwj	62792
5cm4	62998
2r4x	63496
2w1e	63760
2c53	63771
2dcc	63866
3d2i	64275
4w6t	64418
2awl	64454
1mo6	64476
1p2a	64870
1h9n	65159
6zvc	65194
3vqu	65221
7pyg	65248
1blh	65274
3ddz	65277
5ev0	65295
1h4m	65438
1ie9	65692
6mf4	65880
5ow4	65947
1mjm	66136
6fz0	66157
4zv1	66198
2viw	66591
1s0h	66601
5p9b	66899
5glc	66916
1bul	67008
2hnc	67282
3m2x	67304
2hl5	67441
3djx	67505
1bjg	67607
5cv4	67787
2xk5	67793
1dm2	67909
2cbd	68018
1qfc	68091
3mcf	68127
3v1e	68238
3hyo	68327
3djo	68473
5gqi	69073
4r1y	69239
2ycj	69668
6obf	69742
7rjr	69993
5ort	70077
1v1k	70263
5pox	70357
2q3d	70424
6pz2	70687
6jy6	70932
3tqz	71294
1nhk	71354
1gom	71946
2ejn	72033
7cio	72301
3o4t	72370
4ho2	72484
4wxq	72597
2oih	72845
4h7k	73254
1bep	73430
2yhv	73459
5gok	73677
4e50	73954
3qu6	74261
2jdc	74451
1lgt	74633
3o26	74718
3iqh	75069
4jif	75259
4r3r	75325
3o1x	75332
7den	75341
4dn8	75660
6t4n	75978
6k87	76076
7b1i	76384
3qql	76514
6itd	76566
7svy	76797
2zfk	76913
3iee	76918
1a8e	77080
1y62	77168
6vbc	77171
1y7m	77209
1f57	77302
6xef	77555
4o41	78294
6z94	78384
3gra	78385
1hxt	78575
2co6	78591
7f9x	78734
3bu5	79095
3bqa	79207
3twu	79500
4o8g	79557
1hdm	80032
2cng	80374
2wpj	80484
1vfw	81001
6lrz	81399
5d6m	81413
3b3j	81636
7a2m	81798
1cdd	82050
5ahr	82515
1ext	82520
2nqg	82651
1d6j	82728
5uhm	83067
8d0d	83249
3aez	83645
1dtn	83858
5umk	84119
4zii	84477
5reg	84781
6l7n	85118
4nk2	85181
4fhf	85364
2ylj	85642
6ooq	85721
3e3f	85799
2rhy	85926
1dyi	85957
2f6n	86002
5xhr	86343
2a8p	86447
1hkj	86680
5r9q	86779
4dvl	87003
3p3p	87380
1p0u	87407
2f64	87476
4r72	87717
3fkn	87727
3if5	87854
8ahp	88003
7far	88392
5yig	88523
6fp5	88740
6opu	88800
5dbs	88991
6t5u	89143
6j22	89410
6ehk	89412
1guv	90052
2p2w	90406
6jyw	91250
5euw	91265
1wam	91647
2h7f	92079
5o7k	92102
6hr5	92160
3mxe	92392
2b20	92749
4qba	92758
7z8x	93574
5rc3	94266
6ids	94270
6p6o	94976
1kt4	95316
4a9z	95529
1iwj	96003
4njt	96414
7exs	96943
1www	97172
6t0c	97366
6gc2	99091
5y26	99461
6y7x	99846
6uqt	100396
2z3o	100592
5m1n	100913
2w1j	101257
1nnl	101446
4oqr	101459
6vdw	101548
5mgu	101815
5pk5	101840
1o3c	101968
1swf	102038
3pw2	102100
5h43	102287
3k6j	102498
2qwk	102536
7az7	102988
1u13	103138
5pz5	103331
7egy	103636
6pld	103765
1v9k	103966
6i77	104259
4apy	104332
2d9q	104535
5ag5	104673
7qay	105528
5fq0	105776
1eke	106258
3t01	106518
3hjo	106707
4a5u	107110
5fdz	107410
1lbe	107617
3m9n	107840
5k62	107861
6x8j	108861
2npx	108875
6r8m	109229
1hw1	109346
3nom	109458
3t7j	110122
6lor	110177
3v3h	110298
4hg0	110386
4ml7	110427
5mo4	110438
2at6	111770
2at0	111782
3usg	111798
2fz2	112277
7t7e	112535
6nos	112820
6dmq	112897
5ccc	112913
5edj	112920
6wa0	113130
3ovm	113233
5le1	113639
6dpj	113783
6hdm	114168
1k3r	114306
1kx0	114499
1l2t	115229
5p94	115518
3tu8	115571
2qcj	115748
3hc7	116301
6voq	116348
4pry	117391
7n1n	117437
5t8j	117916
1vd8	118071
3jwe	118527
3ks5	118557
2y0g	118630
6u95	119347
5zgx	119472
4c77	119477
6gon	119561
4jvp	119654
6b6p	119812
7bnu	120244
5g3g	120673
2i4p	121082
6pnm	121217
7jyd	121229
5db2	122189
6sx7	123404
6p9p	123709
2iz5	123917
3kvr	123918
4ttz	124218
4p5x	124218
7v9e	124592
6p06	125034
6uzu	125098
5rxg	125211
7jjq	125260
1n2z	125264
6cok	125549
4h88	125591
2y7m	125702
1qqr	126034
2wqf	126445
1vnf	126467
1peh	126600
6vd6	126601
5eol	126696
4ami	126739
7qyz	126754
1hwg	127232
5zwb	127497
4g86	128035
2osv	128087
2rex	128152
1yvz	128244
1j7s	128264
7ort	128709
4cl1	128845
4m8g	128892
5thm	129305
5nm1	129456
7q68	129495
6m9w	129512
1b97	129705
6ws0	129918
6d15	130614
5d57	130941
5fns	131429
4qwv	131506
1nzj	131576
1fs8	131579
3l1k	131749
6yhc	132286
8ahi	132986
1eg1	133031
6yy6	133617
1cls	133894
6h5g	134183
6wus	134193
5c55	134482
5hj0	134634
3vfl	134926
6d28	135003
1f2n	135401
1zk0	136320
4rom	136588
4fkg	136699
7juu	137318
5m1i	137492
7or8	138111
3u9i	138401
3bef	139274
6fcq	139623
6gi6	139805
3gck	140149
1vht	140297
3qj1	140621
4mk3	140844
2dq4	140981
7ns9	141000
6dqe	141587
5cyx	141902
1e3p	142242
7fba	144334
3fvm	144478
6vs3	145069
6sxp	146515
4b6c	147337
1tv8	147706
3pbb	147725
2q2z	148245
2n1c	148339
7k9c	148820
5zrt	149316
2ca6	149892
5k7h	150187
7p5c	150668
7e0g	150795
6nhk	151365
5egi	151647
6pid	152474
6e4l	152561
7v0m	152631
3arq	152942
5zc7	153109
1e3l	153240
5a2s	153506
2fgq	153792
7atl	153928
7ddo	154889
4w2o	154968
7p1i	155236
5viv	155485
1zxj	156824
3qsz	157027
5e3c	157548
5y22	157615
6mh8	157736
4nlb	157793
6apz	158143
6i7u	158199
2de4	158299
1ugi	158427
5s3g	159088
4n99	159255
7dfj	159372
1yr2	159522
6cjf	159781
5dx7	160331
3bll	160349
6lp8	160443
4qd4	160527
4akk	160854
7shs	160956
2qz0	161404
6y8j	161735
6z3j	161890
6p8x	162010
4qpi	162098
2bo6	162237
1ok7	163158
2i8t	163225
3m27	163892
6d9r	164110
4akn	164139
1qky	164378
1u6b	164430
6erv	164812
5ehh	164935
4muu	166365
1tat	166539
7u3o	167049
6dry	168763
6tsc	169264
4cw0	170021
5jad	170432
4nke	170706
5l92	170964
5k0u	171230
4x4x	171735
2jb6	172055
1phj	172230
3dnl	173098
1olu	173158
6f63	174051
4c58	174157
4f8z	174215
3roo	174539
2ymb	174608
7d3l	174786
1t3a	175356
1m9r	175495
4d7h	176246
1m74	176454
7x8o	176536
4ugh	176694
1ta9	177461
5aoj	178603
1qip	178850
1pvq	178869
3pwp	179044
3rpx	179777
5twq	179841
4ren	181416
7vym	181456
4cwa	181509
1kh7	182293
1t34	182525
5dqn	182767
1eli	183039
3oc9	183110
7na5	183179
4iz7	183213
6bsl	184391
5p3u	184448
6w62	184657
3unr	185952
5ib4	187319
1ebd	187753
4fho	188418
2kkg	188530
1t5g	188674
6pbw	189542
4y0y	189958
2j0d	190405
5z0r	190808
1d1x	191226
5cni	192058
5ajx	194090
5c0f	195172
5y56	195657
7b74	195751
7rm7	197009
4y57	197541
1y2y	198063
3a8p	198242
7yyb	198510
6hai	198564
7xvy	199356
2r1a	199925
1w4a	199944
5igr	199971
4ov7	200570
1one	201289
4obx	201557
4q12	202500
5t54	205061
5th6	205377
7x8s	205430
5y5q	205490
6t95	205845
7rnm	206109
3dok	206474
7ets	206738
5rt0	207795
4qs4	207831
4dnk	209413
4gaf	209499
5x39	209500
7w1g	209672
5xw6	210144
5uq3	210181
1mxh	210283
2qre	210348
5ntg	210511
7px4	210740
6gcl	213833
6ni8	216024
2p3n	216282
5okh	216881
7b0p	217169
4fyt	217216
7z2w	218532
7wax	218616
4ecd	219195
5zbn	219203
4eu6	221054
4wv3	222126
1ucx	223218
4ro9	223678
5pgx	224353
1yqf	224486
5e1c	224649
1xct	224893
5j71	225890
3ppp	227479
2jr3	227863
6gt8	227923
5l24	228230
4ju6	228653
6m4z	229130
5u5i	230124
7k28	230196
4gma	230341
6l6s	230691
1hv4	234603
6f6g	235308
5m0u	235533
4umv	237223
5qfi	237611
6oco	239589
6ykr	240282
3ggo	240305
3p7h	240835
5l6k	240909
6rpc	241297
7evz	241344
4b2w	243998
2xgq	245201
6xb5	247112
3od8	247126
1hm5	247203
5r0b	248258
7lou	249317
4z0k	250548
4i4v	252225
5iu2	253557
6rsr	253645
3o2o	254851
6f9u	255732
3w6m	257375
2eow	257413
4zri	257714
4jbh	258953
1eo0	259618
6mxt	261639
5mtu	261739
5x4f	262371
3w6c	262630
1e6x	262639
7lyw	263600
4dsl	263726
5vpq	263960
6gm4	264496
2ez9	268716
7ldj	269908
5qe3	273488
3s5s	273627
2zvf	275352
7vlx	275458
4gcm	276379
5se5	278044
4o43	278342
1aqo	278461
3r9x	279630
6uft	283232
2l62	283746
7qr3	283988
6n74	285300
5wac	285804
2x3d	287345
6bxl	288961
2ke3	289054
4qyy	289813
2lb0	290652
7ctl	294151
6yc2	294161
6a97	295415
3tnb	296177
5m9b	298233
6fvo	298973
6zta	301428
5yab	301554
5u4x	301807
5od2	303012
5y0m	304047
6qgx	305105
4ka7	305172
5i0g	305282
5yd8	305442
5cx9	306604
5m5u	307126
3zp4	307644
3vu2	308689
6qza	308898
3woi	308945
3a6g	311424
7lv5	312700
6dly	312724
5w88	313101
6e42	313924
1ey3	316097
4ele	316562
5z1w	316783
3f0n	317816
5kjr	317900
7b1o	318647
7jwq	322879
6vgj	325347
4a5t	325795
2qdk	325875
1ffx	326431
6mdt	327046
5zz4	327058
1kpl	332379
9xim	335829
2jka	337004
2n85	337770
1gq7	338388
2lfk	338945
5omx	339218
1zah	339764
7fc6	339934
6gio	340251
2yns	341888
2yql	342989
5ecg	346893
3v8s	347279
1l7x	347748
4may	348124
1kpq	350042
4edz	350829
7k0i	351416
6cmr	352134
7xk7	352542
7ukz	352968
4d36	353593
3tw9	354386
4u2s	357983
6z3p	359850
6hfv	363258
6xcp	365330
6lmx	365883
6pn2	367709
5vu9	368097
6gtx	370658
5uo1	370781
6lbr	372696
4gtl	376253
5ykd	376804
4l9p	377683
4e4h	388504
6jsj	388983
5fd8	390309
6s3m	390895
2ny0	391319
4ccj	393627
1r5s	397084
6lmv	398320
4wwh	398924
6bcr	399078
6x5e	399140
2fdw	399748
2gcj	399967
7lle	410181
7kaw	414392
4re9	416652
4hwv	417100
5wk3	417245
5equ	423476
2hjj	424350
4ax3	427003
5f7n	427814
2lkk	432022
6s7h	433503
7xeo	439491
7yxa	441225
6bni	447041
3jab	447548
5x5s	448194
5xr2	451464
5t8f	452848
3ae7	454712
5oef	455533
7ae9	456891
7zp5	457362
6pr3	458388
1z3r	459749
4ry4	460354
3nvq	460615
5kzh	461656
2rot	465013
2x9n	466738
2equ	468593
4zp4	469043
4xi8	469345
4fqb	470447
7r7g	471374
2krf	472729
6r58	473703
6pi7	473958
2b5l	479747
5f2v	482948
4q4a	485637
6dk2	486002
3j6r	487565
6wy7	490460
6pan	491680
7nhp	492095
7jse	493196
5vmk	496835
5q0b	506192
3ax7	507874
7aq2	508480
6yiq	512379
6jz2	512614
2dja	518529
3wf2	521136
2heq	533249
3mf3	540491
1hoy	542521
7lbz	543058
5i48	543229
6jpb	543452
2mry	543681
6ttz	543747
4yz1	545271
3vt0	551668
6acd	559656
6qep	560493
6v8x	568821
1m3u	570190
6kex	571479
6jqq	572705
5edu	574605
1q57	575360
6vy2	575376
2wrb	575573
7w5u	578405
3pph	580658
2m8w	582720
6eis	583264
1atd	587653
2ls7	592088
6l6r	592365
7bm6	598105
5qah	605532
7nx0	606954
3znl	608283
7wg6	609987
1wgw	611196
2km6	611845
7tke	620695
4hh4	625451
4u3j	628961
4ybo	634231
1u2n	642584
7sxx	644827
4wvf	656584
4pjg	660254
4pjx	664907
6jcy	667002
4inf	669718
7lva	673903
4z7u	680733
1uew	683350
5m3k	684187
6tld	694666
5scd	697502
5aa2	698267
5vvc	712286
2poa	715743
1el0	724545
2kkc	726512
5nhd	726602
2m74	745643
5hss	746640
5kzp	752858
4lgl	758042
4kwg	763460
6l7p	770915
6ziv	780438
2loe	795749
2ebk	799851
5isc	811411
5tbh	811423
6sih	825989
7qus	833927
6cyq	834951
2kvr	835955
2e0g	844703
2ja5	844773
1de2	845008
1y77	850101
1btb	856674
6kj6	856726
2k3y	857270
2k5t	863384
7vh5	874708
2dba	879722
6jw3	892892
5ez3	893942
2xku	915688
4jx5	920185
6mb2	937610
6o65	943871
7p7c	997744
2ign	1049000
7kbq	1049039
5zl5	1055457
2kf2	1061453
6e5u	1086930
7olg	1160266
1a24	1181369
4ziw	1201561
6eee	1237067
7o0v	1250331
4fby	1301809
2me9	1305967
7ffc	1354438
6kw4	1357600
7udh	1362310
1wki	1379443
7fda	1430349
2rqf	1438450
7adz	1483969
5vbf	1487464
3j1c	1528488
6o4k	1550387
6uov	1555160
4s13	1561195
6v88	1663830
6po2	1759084
6tbg	1958707
5gaf	2262428
7chl	2294265
6htd	2520096
4qwr	2533041
6htb	2533610
5mu8	2846331
4yg2	2919460
6n8n	3023869
4v72	3504788
4hea	3669572
4uje	4966137
7tbi	5363642
6v12	5406109
6u3q	5551893
7l5u	6118610
5t0c	7893603
